,RI,Na,Mg,Al,Si,K,Ca,Ba,Fe,Type
0,0.9492888224624458,0.0,0.9597989949748742,0.1342857142857142,0.951730539716218,0.0177133655394524,0.4524650917891025,0.0,0.0,1
1,0.93987717171607,0.7635212888377446,0.0,0.0,0.9032331587322636,0.0756843800322061,0.0,0.0,0.0,5
2,0.923503477951825,0.8009205983889529,0.8844221105527638,0.3571428571428571,0.966450072934624,0.0595813204508856,0.4904261890055589,0.0,0.2745098039215686,2
3,0.932872153124018,0.827963176064442,0.0,0.52,0.966184856119878,0.2270531400966183,0.0,0.914285714285714,0.0,7
4,0.9687997331421494,0.0,0.0,0.2028571428571428,0.9490783715687574,0.003220611916264,0.0,0.0,0.0,1
5,0.0,0.8239355581127734,0.8190954773869346,0.6342857142857143,0.0,0.0,0.3576281655342804,0.5174603174603174,0.0888480392156862,7
6,0.8483799978879265,0.7255466052934407,0.902010050251256,0.3742857142857143,0.9718870176369184,0.0933977455716586,0.4524650917891025,0.0707780379911527,0.0,1
7,0.9249216718999094,0.7502876869965478,0.8542713567839195,0.36,0.9681739822304736,0.0,0.5299567634342186,0.0,0.0,3
8,0.9281448399637372,0.7405063291139241,0.8743718592964823,0.38,0.9685718074525926,0.0901771336553945,0.5206917850525015,0.0,0.0,1
9,0.9313680080275644,0.7767548906789414,0.8442211055276381,0.4657142857142856,0.0,0.0917874396135265,0.4524650917891025,0.0,0.1764705882352941,3
10,0.9284026934088424,0.8457997698504028,0.0,0.6685714285714285,0.9717544092295451,0.0,0.5528103767757875,0.2095238095238095,0.0,7
11,0.0,0.6786125267137925,0.7211055276381909,0.3399999999999999,0.965919639305132,0.0885668276972624,0.5577516985793699,0.0,0.0,1
12,0.8122744635045285,0.7491369390103568,0.9095477386934672,0.3028571428571429,0.9592892189364808,0.1030595813204508,0.5639283508338481,0.0,0.2941176470588235,2
13,0.926984499460759,0.7399309551208286,0.8994974874371858,0.3742857142857143,0.9628696459355524,0.0982286634460547,0.5429277331686225,0.0,0.0,3
14,0.9308093255631684,0.7301495972382048,0.5707849592791543,0.3828571428571428,0.9673783317862352,0.0,0.4524650917891025,0.0,0.0,1
15,0.9241051359904064,0.7479861910241657,0.8994974874371858,0.44,0.965787030897759,0.0982286634460547,0.4966028412600369,0.0,0.0,2
16,0.9275861574993404,0.7894131185270427,0.0,0.0,0.955576183530036,0.1030595813204508,0.4867201976528721,0.0,0.0,2
17,0.9254373787901224,0.851553509781358,0.0,0.5685714285714285,0.9695000663042036,0.0,0.5114268066707843,0.5428571428571428,0.0,7
18,0.9227728931906912,0.73590333716916,0.9070351758793967,0.4628571428571428,0.9676435486009812,0.1030595813204508,0.4984558369363804,0.0707780379911527,0.0,1
19,0.9254158910030296,0.6786125267137925,0.0,0.8685714285714285,0.9346240551650976,0.0782950275703898,0.0,0.0,0.0,5
20,0.9189910426624666,0.8716915995397009,0.0,0.6428571428571428,0.974671794191752,0.0,0.5151327980234712,0.1999999999999999,0.0,7
21,0.9293051804667148,0.7399309551208286,0.8944723618090452,0.3628571428571428,0.0,0.0869565217391304,0.0,0.0,0.0888480392156862,1
22,0.8122744635045285,0.0,0.5707849592791543,0.4314285714285714,0.9696326747115768,0.1111111111111111,0.4916615194564546,0.0,0.0,2
23,0.9265977192931,0.6786125267137925,0.0,0.5685714285714285,0.9688370242673386,0.0,0.0,0.5047619047619047,0.0,7
24,0.9391465869549354,0.6786125267137925,0.8994974874371858,0.3771428571428571,0.951067497679353,0.0193236714975845,0.5355157504632488,0.219047619047619,0.0,1
25,0.9332159577174926,0.739355581127733,0.922110552763819,0.3542857142857142,0.9623392123060602,0.0782950275703898,0.5361334156886967,0.0,0.6862745098039215,2
26,0.9374275639875612,0.7934407364787112,0.0,0.3399999999999999,0.964858772046148,0.0,0.6034589252625077,0.0,0.0,6
27,0.930465520969693,0.739355581127733,0.5707849592791543,0.3514285714285714,0.0,0.0982286634460547,0.0,0.0285714285714285,0.4313725490196078,1
28,0.9492028713140774,0.8164556962025317,0.9497487437185927,0.26,0.946293595013924,0.037037037037037,0.4524650917891025,0.0,0.0,3
29,0.8122744635045285,0.7445339470655927,0.9070351758793967,0.36,0.9647261636387748,0.0901771336553945,0.5311920938851142,0.0,0.0,2
30,0.0,0.6786125267137925,0.2537688442211055,0.3885714285714285,0.9032331587322636,0.0531400966183574,0.4524650917891025,0.0,0.0,2
31,0.0,0.7652474108170312,0.9045226130653266,0.3257142857142857,0.9692348494894576,0.0933977455716586,0.5046324891908586,0.0,0.0,1
32,0.9444755581537968,0.7848101265822786,0.0,0.3142857142857143,0.9518631481235912,0.0096618357487922,0.5404570722668314,0.0,0.0,1
33,0.9192488961075728,0.8544303797468356,0.0,0.6914285714285714,0.9775891791539584,0.0,0.5182211241507103,0.1777777777777777,0.0,7
34,0.923374551229272,0.7669735327963176,0.8869346733668341,0.3641125541125539,0.9032331587322636,0.0901771336553945,0.5145151327980234,0.0,0.0,3
35,0.9453350696374844,0.8072497123130035,0.5707849592791543,0.1657142857142857,0.9519957565309642,0.0177133655394524,0.596046942557134,0.0,0.0,3
36,0.921612552687713,0.761795166858458,0.0,0.42,0.9713565840074262,0.0611916264090177,0.4959851760345892,0.0,0.0,2
37,0.9360523456136604,0.0,0.9095477386934672,0.3171428571428571,0.9632674711576716,0.0225442834138486,0.5410747374922792,0.0,0.0,1
38,0.9354936631492644,0.7744533947065594,0.9623115577889446,0.0,0.9032331587322636,0.0917874396135265,0.5071031500926498,0.0,0.2745098039215686,2
39,0.9226439664681384,0.0,0.8668341708542713,0.4085714285714285,0.970295716748442,0.0982286634460547,0.4524650917891025,0.0,0.0,2
40,0.9246638184548032,0.7220943613348678,0.0,0.5342857142857143,0.9710913671926802,0.1014492753623188,0.4990735021618283,0.0,0.1764705882352941,2
41,0.8483799978879265,0.7163406214039125,0.6809045226130652,0.3685714285714285,0.9773239623392124,0.0901771336553945,0.5596046942557134,0.0,0.4705882352941176,1
42,0.0,0.7439585730724971,0.5707849592791543,0.4457142857142857,0.9032331587322636,0.0933977455716586,0.5281037677578753,0.0,0.2352941176470588,2
43,0.8122744635045285,0.6786125267137925,0.5707849592791543,0.4028571428571428,0.9591566105291076,0.0,0.5132798023471279,0.0,0.196078431372549,2
44,0.9261249879770714,0.7405063291139241,0.0,0.0,0.9698978915263228,0.1046698872785829,0.493514515132798,0.0707780379911527,0.0,2
45,0.9312390813050112,0.73590333716916,0.879396984924623,0.32,0.9684391990452196,0.1030595813204508,0.5416924027177269,0.0,0.0888480392156862,1
46,0.929391131615084,0.7376294591484466,0.8919597989949748,0.4257142857142857,0.9647261636387748,0.0869565217391304,0.5262507720815317,0.0707780379911527,0.3725490196078431,1
47,0.0,0.0,0.0,0.0,0.9969500066304204,0.4347826086956521,0.5515750463248918,0.0,0.0,7
48,0.949675602630105,0.830264672036824,0.0,0.2857142857142857,0.9636652963797906,0.0161030595813204,0.7115503397158739,0.0,0.1568627450980392,2
49,0.8122744635045285,0.0,1.0,0.3371428571428571,0.961278345047076,0.0933977455716586,0.5033971587399629,0.0707780379911527,0.0,2
50,0.9485582377013122,0.8262370540851554,0.5707849592791543,0.0,0.946293595013924,0.0241545893719806,0.5651636812847437,0.0,0.0,1
51,0.9260820124028868,0.7652474108170312,0.914572864321608,0.4371428571428571,0.9618087786765682,0.1046698872785829,0.4959851760345892,0.0,0.5686274509803921,2
52,0.9100091476579344,0.0,0.4371859296482411,0.0,0.9885956769659195,0.0,0.4688079061148857,0.0,0.0,6
53,0.9353217608525268,0.8624856156501727,0.1959798994974874,0.4971428571428571,0.961410953454449,0.0,0.6145768993205681,0.0,0.0,6
54,0.9475268239208868,0.7773302646720369,0.5707849592791543,0.2514285714285714,0.9519957565309642,0.0782950275703898,0.5892526250772081,0.0,0.2156862745098039,1
55,0.9265117681447306,0.8377445339470657,0.0,0.5657142857142857,0.9718870176369184,0.0,0.0,0.4984126984126984,0.0888480392156862,7
56,0.9335167867367824,0.7715765247410817,0.9773869346733668,0.38,0.9598196525659728,0.0821256038647343,0.5114268066707843,0.0707780379911527,0.0,2
57,0.9362242479103982,0.7991944764096663,0.8869346733668341,0.3771428571428571,0.9522609733457102,0.0821256038647343,0.5423100679431747,0.0707780379911527,0.0,1
58,0.9225150397455852,0.7376294591484466,0.8844221105527638,0.3641125541125539,0.966184856119878,0.1111111111111111,0.4922791846819023,0.0,0.0888480392156862,2
59,0.953027697416486,0.7658227848101267,0.8994974874371858,0.2342857142857142,0.9546479246784246,0.0193236714975845,0.62816553428042,0.0,0.0588235294117647,1
60,0.9280588888153688,0.8486766398158804,0.0,0.5714285714285714,0.9683065906378464,0.0,0.5268684373069795,0.5047619047619047,0.0,7
61,0.9305084965438776,0.7784810126582279,0.5707849592791543,0.4342857142857143,0.95531096671529,0.0933977455716586,0.5429277331686225,0.0,0.0,3
62,0.9224720641714006,0.7410817031070197,0.5707849592791543,0.0,0.9717544092295451,0.0,0.4972205064854849,0.0,0.4705882352941176,1
63,0.9386738556389068,0.8498273878020715,0.9422110552763818,0.0828571428571428,0.9550457499005436,0.0,0.5558987029030266,0.0,0.0,1
64,0.8122744635045285,0.7416570771001152,0.9095477386934672,0.4485714285714285,0.9675109401936084,0.0982286634460547,0.4524650917891025,0.0,0.0,2
65,0.9109546102899896,0.7479861910241657,0.5707849592791543,0.8628571428571428,0.9375414401273042,1.0,0.0,0.0,0.0,5
66,0.925652256661044,0.7439585730724971,0.8894472361809045,0.4628571428571428,0.9675109401936084,0.1030595813204508,0.4959851760345892,0.0,0.4117647058823529,2
67,0.9455929230825904,0.8239355581127734,0.9798994974874372,0.3641125541125539,0.9481501127171464,0.0,0.5861642989499691,0.0,0.0,3
68,0.9296060094860056,0.7479861910241657,0.9045226130653266,0.3885714285714285,0.9679087654157272,0.0917874396135265,0.5188387893761581,0.0707780379911527,0.2156862745098039,1
69,1.0,0.0,0.0,0.2857142857142857,0.9303805861291606,0.0193236714975845,1.0,0.0,0.4705882352941176,2
70,0.7832047487203297,0.7600690448791716,0.9472361809045226,0.2257142857142857,0.9546479246784246,0.0,0.6189005558987029,0.0258576548899129,0.0,1
71,0.9466673124371994,0.0,0.9170854271356784,0.2485714285714285,0.9576979180480044,0.0305958132045088,0.6084002470660901,0.0,0.3333333333333333,1
72,0.9246638184548032,0.826812428078251,0.0,0.7828571428571429,0.966052247712505,0.0,0.5836936380481778,0.1714285714285714,0.1086739780658025,7
73,0.94292843748316,0.8262370540851554,0.0,0.5771428571428571,0.9736109269327676,0.0,0.0,0.0258576548899129,0.0,7
74,0.9364821013555042,0.732451093210587,0.464824120603015,0.5314285714285715,0.9639305131945366,0.0966183574879227,0.6232242124768375,0.0,0.0,5
75,0.9299498140794809,0.7364787111622556,0.9195979899497488,0.3628571428571428,0.9681739822304736,0.0966183574879227,0.5287214329833231,0.0,0.0,1
76,0.9285316201313965,0.7105868814729575,0.6834170854271356,0.4657142857142856,0.9663174645272512,0.1127214170692431,0.5701050030883261,0.0,0.0,2
77,0.9306374232664308,0.0,0.9170854271356784,0.0,0.9680413738231004,0.0096618357487922,0.5515750463248918,0.0,0.0,3
78,0.931797763769408,0.7479861910241657,0.9547738693467336,0.3085714285714285,0.9689696326747116,0.0901771336553945,0.0,0.0,0.0,2
79,0.9239332336936688,0.8170310701956272,0.0,0.7971428571428572,0.9741413605622596,0.0064412238325281,0.5583693638048177,0.0,0.1764705882352941,7
80,0.7423827402347118,0.7882623705408516,0.0,0.3885714285714285,0.9447022941254476,0.0305958132045088,0.0,0.0258576548899129,0.196078431372549,2
81,0.9329151286982018,0.7669735327963176,0.8391959798994973,0.44,0.95663705078902,0.0901771336553945,0.5552810376775787,0.0,0.0,3
82,0.925781183383596,0.7399309551208286,0.0,0.5228571428571428,0.9797109136719268,0.0,0.62816553428042,0.0,0.0,5
83,0.93880278236146,0.0,0.0,0.16,0.974406577377006,0.0,0.6930203829524397,0.0,0.0,6
84,0.9227728931906912,0.7491369390103568,0.0,0.44,0.9695000663042036,0.1159420289855072,0.4879555281037677,0.0,0.0,2
85,0.9286175712797649,0.8601841196777906,0.0,0.5142857142857142,0.892033005638826,0.0,0.531809759110562,0.492063492063492,0.0,7
86,0.9491598957398928,0.7899884925201381,0.5495623277678715,0.2057142857142856,0.9515979313088452,0.0273752012882447,0.6016059295861643,0.0,0.0,1
87,0.9236753802485628,0.8601841196777906,0.0,0.6485714285714286,0.9720196260442912,0.0,0.5379864113650402,0.2126984126984127,0.0,7
88,0.221975674584737,0.7986191024165709,0.4472361809045226,0.0,0.9693674578968308,0.0,0.5355157504632488,0.2412698412698412,0.0,7
89,0.93880278236146,0.7272727272727274,0.0,0.4714285714285713,0.9779870043760776,0.0611916264090177,0.7121680049413217,0.0,0.0,5
90,0.9218274305586354,0.855005753739931,0.922110552763819,0.0,0.9530566237899484,0.0,0.4546016059295861,0.0,0.1086739780658025,2
91,0.929262204892531,0.7387802071346375,0.879396984924623,0.3257142857142857,0.0,0.0,0.5281037677578753,0.0,0.0,1
92,0.9430573642057132,0.779631760644419,0.5251256281407034,0.4771428571428571,0.9571674844185124,0.0853462157809984,0.5911056207535516,0.0857142857142857,0.3333333333333333,2
93,0.9261249879770714,0.73590333716916,0.8844221105527638,0.44,0.9728152764885294,0.1062801932367149,0.4879555281037677,0.0,0.0,2
94,0.221975674584737,0.733601841196778,0.7160804020100502,0.4114285714285713,0.9716218008221722,0.0917874396135265,0.5429277331686225,0.0349206349206349,0.4313725490196078,2
95,0.221975674584737,0.7537399309551209,0.9974874371859296,0.3399999999999999,0.9606153030102108,0.0966183574879227,0.5206917850525015,0.0,0.0,2
96,0.9249216718999094,0.7715765247410817,0.8919597989949748,0.3571428571428571,0.0,0.109500805152979,0.5153877074815926,0.0,0.1086739780658025,2
97,0.221975674584737,0.7721518987341773,0.8542713567839195,0.0,0.9639305131945366,0.0950080515297906,0.5138974675725756,0.0,0.0,3
98,0.9372986372650072,0.7848101265822786,0.8894472361809045,0.0,0.9634000795650446,0.0257648953301127,0.5491043854231007,0.0,0.4705882352941176,3
99,0.221975674584737,0.7548906789413119,0.8567839195979899,0.4514285714285714,0.9714891924147993,0.0112721417069243,0.5182211241507103,0.0,0.1086739780658025,2
100,0.221975674584737,0.6461449942462602,0.0,0.3735267857142857,0.970826150377934,0.0,0.0,0.0,0.0,2
101,0.221975674584737,0.7399309551208286,0.8844221105527638,0.6057142857142858,0.9635326879724176,0.1111111111111111,0.4922791846819023,0.0,0.0,2
102,0.9333019088658618,0.7439585730724971,0.9396984924623116,0.3171428571428571,0.9584935684922424,0.0544947984561511,0.5534280420012353,0.0,0.0,2
103,0.9357515165943706,0.7813578826237055,0.8417085427135678,0.3514285714285714,0.955841400344782,0.0544947984561511,0.5503397158739962,0.0,0.1086739780658025,1
104,0.9507499919847148,0.855005753739931,0.5527638190954773,0.5885714285714285,0.931706670202891,0.1223832528180354,0.0,0.0,0.0,7
105,0.9248786963257256,0.0,0.8768844221105527,0.4342857142857143,0.9634000795650446,0.107890499194847,0.4990735021618283,0.0,0.1086739780658025,2
106,0.9323994218079896,0.7261219792865363,0.5495623277678715,0.2371428571428571,0.9787826548203156,0.0563607085346215,0.5818406423718344,0.0,0.1086739780658025,2
107,0.9605484228987508,0.6588032220943614,0.0,0.537142857142857,0.9573000928258852,0.1304347826086956,0.8177887584928968,0.0,0.6666666666666667,2
108,0.9021016420080104,1.0,0.5495623277678715,0.0971428571428571,1.0,0.0,0.4107473749227918,0.0,0.0,6
109,0.221975674584737,0.0,0.922110552763819,0.3314285714285714,0.9695000663042036,0.0544947984561511,0.5153877074815926,0.0,0.0,1
110,0.9466673124371994,0.0,0.8994974874371858,0.2571428571428571,0.9574327012332584,0.037037037037037,0.6065472513897467,0.0,0.3137254901960784,1
111,0.9247927451773564,0.6996547756041428,0.5495623277678715,0.3857142857142857,0.9665826813419972,0.0544947984561511,0.5268684373069795,0.0,0.0,3
112,0.9268125971640212,0.7669735327963176,0.8894472361809045,0.46,0.0,0.109500805152979,0.5009264978381717,0.0258576548899129,0.0,2
113,0.9258098337663858,0.8319907940161106,0.5628140703517588,0.4628571428571428,0.9598196525659728,0.0,0.5719579987646695,0.0,0.1086739780658025,6
114,0.9251795253450164,0.7802071346375145,0.8969849246231154,0.0,0.0,0.1030595813204508,0.4916615194564546,0.0,0.0,2
115,0.9409945366448637,0.804372842347526,0.5495623277678715,0.4657142857142856,0.9515979313088452,0.0,0.6522544780728845,0.0,0.3529411764705882,2
116,0.9231596733583496,0.7422324510932107,0.0,0.4142857142857142,0.9688370242673386,0.0708534621578099,0.5108091414453366,0.0,0.0,2
117,0.9226439664681384,0.0,0.0,0.4342857142857143,0.9693674578968308,0.107890499194847,0.4836318715256331,0.0,0.0,2
118,0.221975674584737,0.6508453571744712,0.8994974874371858,0.3914285714285714,0.955841400344782,0.0901771336553945,0.5126621371216801,0.0,0.0,1
119,0.9466243368630148,0.6346375143843499,0.4296482412060301,0.4457142857142857,0.9738761437475136,0.0933977455716586,0.717726991970352,0.0,0.0,5
120,0.931539910324302,0.7888377445339472,0.9874371859296482,0.3735267857142857,0.9522609733457102,0.0869565217391304,0.5071031500926498,0.0,0.2941176470588235,2
121,0.221975674584737,0.0,0.0,0.3171428571428571,0.9649913804535208,0.0177133655394524,0.5311920938851142,0.0,0.0,3
122,0.9237183558227472,0.7784810126582279,0.8919597989949748,0.44,0.9679087654157272,0.0628019323671497,0.480543545398394,0.0,0.0,1
123,0.9276291330735252,0.7479861910241657,0.871859296482412,0.5114285714285715,0.9643283384166556,0.1062801932367149,0.5052501544163063,0.0,0.1086739780658025,2
124,0.7423827402347118,0.7485615650172612,0.879396984924623,0.4228571428571428,0.9665826813419972,0.0544947984561511,0.5015441630636195,0.0,0.0,2
125,0.933130006569124,0.756041426927503,0.7135678391959798,0.3657142857142857,0.966052247712505,0.0885668276972624,0.5602223594811612,0.0,0.0,1
126,0.9239332336936688,0.8135788262370542,0.0,0.8228571428571427,0.9628696459355524,0.0,0.5153877074815926,0.3365079365079365,0.0,7
127,0.221975674584737,0.6508453571744712,0.972361809045226,0.3628571428571428,0.9542500994563056,0.0,0.5153877074815926,0.0258576548899129,0.6274509803921569,2
128,0.9365250769296888,0.8141542002301497,0.0,0.5971428571428571,0.9645935552314016,0.0,0.6720197652872143,0.0,0.0,6
129,0.7832047487203297,0.732451093210587,0.8618090452261307,0.3735267857142857,0.9673783317862352,0.0998389694041868,0.5410747374922792,0.0258576548899129,0.588235294117647,1
130,0.9301646919504024,0.7278481012658229,0.8944723618090452,0.3714285714285714,0.9691022410820846,0.0982286634460547,0.5367510809141445,0.0,0.2745098039215686,1
131,0.221975674584737,0.7600690448791716,0.0,0.3735267857142857,0.0,0.0950080515297906,0.5305744286596664,0.0,0.0,1
132,0.7423827402347118,0.759493670886076,0.9120603015075376,0.3057142857142857,0.965787030897759,0.0917874396135265,0.5194564546016059,0.0285714285714285,0.3333333333333333,2
133,0.945249118489116,0.6508453571744712,0.0829145728643216,0.4314285714285714,0.9732131017106486,0.0209339774557165,0.0,0.0,0.5490196078431373,5
134,0.9443896070054284,0.7876869965477561,0.902010050251256,0.0,0.9542500994563056,0.0144927536231884,0.5806053119209388,0.0,0.0,1
135,0.930078740802034,0.7600690448791716,0.5495623277678715,0.3685714285714285,0.9628696459355524,0.0917874396135265,0.5153877074815926,0.0,0.0,1
136,0.221975674584737,0.0,0.0,0.1914285714285714,0.9550457499005436,0.0096618357487922,0.8894379246448425,0.0,0.0,2
137,0.9298638629311116,0.7370540851553511,0.8894472361809045,0.3514285714285714,0.971223975600053,0.0933977455716586,0.0,0.0,0.0,1
138,0.9299927896536656,0.7468354430379748,0.8894472361809045,0.3457142857142857,0.8510011934756663,0.1046698872785829,0.5090713036923817,0.0,0.1133578431372547,1
139,0.9320126416403304,0.7669735327963176,0.641238981794217,0.3571428571428571,0.8510011934756663,0.0837359098228663,0.5015441630636195,0.0,0.0,2
140,0.9063991994264472,0.7474108170310703,0.871859296482412,0.32,0.9677761570083544,0.0998389694041868,0.515750463248919,0.0,0.6078431372549019,1
141,0.9296060094860056,0.731300345224396,0.8592964824120602,0.3428571428571428,0.970693541970561,0.0950080515297906,0.5336627547869055,0.0,0.0,1
142,0.9226869420423228,0.7531645569620253,0.8844221105527638,0.4428571428571428,0.9663174645272512,0.109500805152979,0.4972205064854849,0.0,0.1764705882352941,2
143,0.3103504965043147,0.0,0.8517587939698492,0.3567741935483871,0.9632674711576716,0.0837359098228663,0.5342804200123533,0.0,0.0,3
144,0.9027892511949592,0.7876869965477561,0.8040201005025125,0.3567741935483871,0.965521814083013,0.2834138486312399,0.3353922174181593,0.3777777777777777,0.0,7
145,0.9248786963257256,0.8596087456846951,0.0,0.5342857142857143,0.9695000663042036,0.0704818530905487,0.5355157504632488,0.438095238095238,0.0,7
146,0.9492888224624468,0.8176064441887227,0.9597989949748742,0.1342857142857142,0.951730539716218,0.0177133655394524,0.5911056207535516,0.0594470046082949,0.0,1
147,0.3103504965043147,0.6340621403912543,0.0,0.2142857142857142,0.9691022410820846,0.0,0.9240271772699196,0.0,0.0,2
148,0.9266836704414684,0.7612197928653626,0.8894472361809045,0.4228571428571428,0.0,0.0901771336553945,0.5003088326127239,0.0,0.0,2
149,0.935837467742739,0.7761795166858458,0.8743718592964823,0.3857142857142857,0.9541174910489326,0.0885668276972624,0.5558987029030266,0.0,0.0,1
150,0.9466673124372004,0.7508630609896434,0.9170854271356784,0.0,0.9590240021217346,0.0305958132045088,0.6084002470660901,0.0594470046082949,0.3333333333333333,1
151,0.9308523011373532,0.0,0.641238981794217,0.3657142857142857,0.966184856119878,0.0966183574879227,0.5243977764051884,0.0,0.0,1
152,0.8368372394167292,0.9085155350978136,0.4597989949748743,0.3567741935483871,0.9339610131282324,0.0499194847020934,0.531809759110562,0.5333333333333333,0.0,7
153,0.3103504965043147,0.7566168009205985,0.641238981794217,0.3,0.971223975600053,0.0,0.5089561457689932,0.0,0.0,1
154,0.9884825461185898,0.6173762945914846,0.0,0.6,0.8510011934756663,0.0933977455716586,0.8214947498455837,1.0,0.5490196078431373,2
155,0.9334308355884148,0.6718951934141811,0.0,0.0,0.9600848693807188,0.0933977455716586,0.5200741198270536,0.0,0.0,2
156,0.9577550105767668,0.7957422324510933,0.641238981794217,0.3342857142857142,0.9435088184590904,0.0128824476650563,0.666460778258184,0.0,0.1133578431372547,2
157,0.9301646919504024,0.7226697353279633,0.8844221105527638,0.4085714285714285,0.970030499933696,0.0704818530905487,0.5274861025324273,0.0,0.0,1
158,0.9295630339118208,0.7756041426927504,0.9396984924623116,0.3342857142857142,0.9679087654157272,0.0950080515297906,0.4959851760345892,0.0,0.0,1
159,0.953672331029252,0.7733026467203683,0.8391959798994973,0.0,0.9598196525659728,0.0966183574879227,0.5453983940704138,0.0,0.0,7
160,0.9363101990587666,0.7997698504027619,0.9371859296482412,0.3371428571428571,0.956371833974274,0.0096618357487922,0.5491043854231007,0.0,0.0,1
161,0.3103504965043147,0.7756041426927504,0.9396984924623116,0.2571428571428571,0.0,0.0289855072463768,0.5935762816553427,0.0594470046082949,0.1372549019607843,1
162,0.9147364608182142,0.0,0.0,0.3567741935483871,0.9584935684922424,0.1771336553945249,0.4373069796170475,0.0,0.0,2
163,0.9426276084638694,0.0,0.4045226130653266,0.62,0.9571674844185124,0.1223832528180354,0.5090713036923817,0.0761904761904761,1.0,5
164,0.9210538702233162,0.7980437284234753,0.0,0.3567741935483871,0.0,0.0,0.5812229771463866,0.0594470046082949,0.0196078431372549,7
165,0.9248786963257256,0.7733026467203683,0.9070351758793967,0.44,0.959952260973346,0.1062801932367149,0.4959851760345892,0.0,0.0,2
166,0.9215266015393446,0.7646720368239356,0.8668341708542713,0.0,0.0,0.0901771336553945,0.5293390982087708,0.0,0.0,1
167,0.8368372394167292,0.8187571921749138,0.641238981794217,0.5942857142857143,0.0,0.0,0.5324274243360098,0.53015873015873,0.0,7
168,0.9225150397455852,0.761795166858458,0.641238981794217,0.42,0.9693674578968308,0.0,0.5090713036923817,0.0,0.0,2
169,0.9027821373244036,0.7589182968929805,0.0,0.3714285714285714,0.9591566105291076,0.0885668276972624,0.5090713036923817,0.0,0.5490196078431373,2
170,0.3103504965043147,0.8636363636363638,0.641238981794217,0.7171428571428571,0.9687044158599656,0.0080515297906602,0.5453983940704138,0.1682539682539682,0.0,7
171,0.9323134706596212,0.7894131185270427,0.0,0.16,0.8510011934756663,0.0,0.0,0.0,0.0,2
172,0.9259530856803346,0.6718951934141811,0.8969849246231155,0.3567741935483871,0.9640631216019095,0.0901771336553945,0.5213094502779493,0.0,0.196078431372549,3
173,0.9294341071892678,0.0,0.8969849246231155,0.3857142857142857,0.8510011934756663,0.0998389694041868,0.5305744286596664,0.0,0.0,1
174,0.9474838483467024,0.665132336018412,0.472361809045226,0.4457142857142857,0.966184856119878,0.0756843800322061,0.7047560222359481,0.0594470046082949,0.0,5
175,0.3103504965043147,0.7698504027617953,0.879396984924623,0.3285714285714285,0.966052247712505,0.0805152979066022,0.5206917850525015,0.0,0.0,1
176,0.92560928108686,0.0,0.8819095477386933,0.4114285714285713,0.8510011934756663,0.0704818530905487,0.5090713036923817,0.019047619047619,0.4901960784313725,2
177,0.9295200583376372,0.7232451093210588,0.0,0.3942857142857142,0.9732131017106486,0.0966183574879227,0.5281037677578753,0.0,0.1176470588235294,1
178,0.9325713241047272,0.7405063291139241,0.8743718592964823,0.3685714285714285,0.8510011934756663,0.0966183574879227,0.5206917850525015,0.0,0.0,1
179,0.9538872089001744,0.7894131185270427,0.9346733668341708,0.1457142857142857,0.951465322901472,0.0144927536231884,0.6213712168004941,0.0,0.3137254901960784,1
180,0.9312390813050112,0.7600690448791716,0.8743718592964823,0.3567741935483871,0.0,0.0,0.5206917850525015,0.0594470046082949,0.0,1
181,0.9290903025957932,0.7019562715765247,0.8165829145728642,0.3314285714285714,0.9753348362286168,0.0998389694041868,0.5497220506485485,0.0,0.4705882352941176,2
182,0.9287894735765024,0.7353279631760645,0.9095477386934672,0.3685714285714285,0.965256597268267,0.0950080515297906,0.5373687461395923,0.0594470046082949,0.0,1
183,0.9192488961075737,0.8060989643268125,0.641238981794217,1.0,0.926800159130089,0.2705314009661836,0.3625694873378629,0.0,0.0,5
184,0.9216985038360814,0.7318757192174915,0.0,0.0,0.970693541970561,0.0,0.499691167387276,0.0,0.4705882352941176,1
185,0.9295630339118208,0.7704257767548908,0.9195979899497488,0.3399999999999999,0.965256597268267,0.0917874396135265,0.0,0.0,0.2156862745098039,1
186,0.9199794808687072,0.8273878020713465,0.0,0.76,0.8510011934756663,0.0064412238325281,0.560840024706609,0.0,0.0,7
187,0.9275431819251558,0.7756041426927504,0.8743718592964823,0.0,0.961676170269195,0.0998389694041868,0.5090713036923817,0.0,0.0,2
188,0.9255233299384908,0.0,0.7989949748743719,0.3514285714285714,0.9676435486009812,0.0933977455716586,0.5441630636195182,0.0,0.4705882352941176,2
189,0.9341184447753648,0.7686996547756042,0.0,0.4085714285714285,0.9582283516774964,0.0821256038647343,0.5311920938851142,0.0,0.0,2
190,0.9369548326715328,0.759493670886076,0.836683417085427,0.3657142857142857,0.9595544357512268,0.0966183574879227,0.5645460160592959,0.0,0.2156862745098039,1
191,0.9298638629311116,0.7991944764096663,0.9045226130653266,0.3885714285714285,0.9644609468240288,0.0772946859903381,0.4836318715256331,0.0,0.1133578431372547,1
192,0.9267696215898376,0.7289988492520139,0.7236180904522612,0.4885714285714285,0.970826150377934,0.0,0.5274861025324273,0.0,0.0,2
193,0.9498904805010272,0.6718951934141811,0.957286432160804,0.2228571428571428,0.8510011934756663,0.0,0.5090713036923817,0.0,0.0,1
194,0.8368372394167292,0.0,0.0,0.7657142857142857,0.9732131017106486,0.0128824476650563,0.5602223594811612,0.0,0.0980392156862745,7
195,0.934505224943024,0.7589182968929805,0.8467336683417085,0.3371428571428571,0.9643283384166556,0.0917874396135265,0.5453983940704138,0.0,0.3137254901960784,1
196,0.9337746401818894,0.8107019562715766,0.5502512562814069,0.4742857142857142,0.9636652963797906,0.0,0.5090713036923817,0.0,0.1133578431372547,6
197,0.9320126416403304,0.7456846950517838,0.743718592964824,0.4085714285714285,0.9669805065641164,0.0966183574879227,0.5429277331686225,0.0444444444444444,0.0,2
198,0.8659155507553713,0.7330264672036825,0.8743718592964823,0.3857142857142857,0.9675109401936084,0.0,0.5361334156886967,0.0,0.0,1
199,0.9027821373244036,0.731300345224396,0.836683417085427,0.4257142857142857,0.9717544092295451,0.107890499194847,0.5089561457689932,0.0,0.0,2
200,0.924019184842038,0.7686996547756042,0.8994974874371858,0.4257142857142857,0.9643283384166556,0.0,0.5071031500926498,0.0,0.0,2
201,0.9251365497708316,0.8273878020713465,0.0,0.0,0.9761304866728552,0.0704818530905487,0.5090713036923817,0.4984126984126984,0.0,7
202,0.924277038287144,0.7675489067894132,0.8969849246231155,0.0,0.9663174645272512,0.0982286634460547,0.5090713036923817,0.0,0.0,2
203,0.930594447692246,0.7600690448791716,0.7060301507537688,0.3685714285714285,0.9677761570083544,0.0821256038647343,0.5571340333539221,0.0,0.1764705882352941,1
204,0.94361604667011,0.7928653624856157,0.5728643216080401,0.4085714285714285,0.0,0.0789049919484702,0.6084002470660901,0.0,0.3333333333333333,2
205,0.9257382078094132,0.6718951934141811,0.8668341708542713,0.5028571428571428,0.961145736639703,0.0966183574879227,0.0,0.0,0.1133578431372547,3
206,0.9109123207222821,0.7372216331766257,0.5879656638366259,0.057504013191640876,0.9726233633335873,0.014069313791910535,0.5069536026465016,0.0,0.4705882352941176,1
207,0.2965645085491728,0.7512862677578127,0.8825325531725869,0.33837679842113266,0.9644594114751509,0.08202249133980223,0.5194392039750644,0.0,0.0,1
208,0.9390058471245297,0.8462180494164756,0.9398760356917306,0.07804450070606342,0.954999535648719,0.0008417914806985426,0.5573337519992143,0.0,0.0,1
209,0.9298245534510513,0.7319163353474113,0.861986409130152,0.339798311903427,0.9703918571115469,0.09608553827878467,0.5347373132210783,0.0,0.011889987048182837,1
210,0.8474989690245539,0.7710854312061716,0.9291961563099942,0.13568024550775284,0.9544892381693714,0.0057809418587940736,0.6036251579543415,0.015543424522801835,0.0,1
211,0.0,0.7399563124278343,0.8509781361284203,0.32988467746005645,0.9682670487262831,0.09198746816970711,0.5201394430571588,0.0,0.0,1
212,0.49626514543653744,0.7701268438042813,0.8670446932121912,0.14239007663629985,0.9401941688804317,0.09311886985069283,0.5141390121109161,0.0,0.0,3
213,0.9310334886243281,0.7538765245545526,0.9086550797883447,0.35345873282422147,0.9598488912646191,0.08707734084388663,0.5264421753126444,0.0,0.0,3
214,0.24359556638257107,0.5832537472073014,0.853656686960597,0.08728073554473431,0.9637683075257378,0.09225045067990907,0.5188839243110052,0.0,0.0,3
215,0.9272228304479643,0.7331682133517265,0.5585852542270564,0.4063647139038604,0.9617904456528638,0.07103461495733134,0.53369614128275,0.0,0.0,3
216,0.9241252098673955,0.7613502542262343,0.8895470058149268,0.3662279779555853,0.915634069048933,0.09185138214869713,0.5204232961654951,0.0,0.0,3
217,0.9243963591940132,0.7258711978500004,0.8782452327199998,0.4240917943435898,0.9282687471767489,0.0929616726066345,0.2920904095577843,0.0,0.04900455842726803,3
218,0.3296593373769316,0.0231696743946193,0.8532536496398382,0.35732253691857657,0.9632550139401452,0.08418972565555556,0.5345511958581703,0.0,0.0,3
219,0.829731928692095,0.6232325777498091,0.8919683686364446,0.37152388084544236,0.9629323890301307,0.09594293554163438,0.5415639202250339,0.0,0.0,3
220,0.9349909449454106,0.7892283403163406,0.9151855611413168,0.31728750256474936,0.9225997679346458,0.0662771555536195,0.4866078703784978,0.0,0.0,3
221,0.9280802882402249,0.7568811029022168,0.8483143180502238,0.39161201888014513,0.9636151610486464,0.0356335156458963,0.539963656378057,0.0,0.0,3
222,0.9322154119256483,0.7669735327963176,0.8426971898239142,0.43443432864660264,0.9527203487745517,0.0901771336553945,0.5522912199767699,0.0,0.0,3
223,0.7332086130314247,0.7562506698259241,0.8542713567839195,0.2618179185083115,0.9670166693896574,0.025911356271290112,0.5255769437259215,0.0,0.0,3
224,0.924416473926684,0.7557362959121803,0.8649372612926528,0.36134291658166895,0.946968155798484,0.02944651055253909,0.5249144414946597,0.0,0.0,3
225,0.9382501891661997,0.7842744083956399,0.7238984086560324,0.3221789186940524,0.9546433548739145,0.059049885423901674,0.572792277757408,0.0,0.0,3
226,0.9340208338193887,0.794267783807505,0.931480232108152,0.3641125541125539,0.924755824225816,0.04696734067865719,0.5488469585157532,0.0,0.0,3
227,0.9234346227930001,0.7663256551818937,0.8856664229058832,0.36395287196160964,0.9057546794457854,0.08667573810557735,0.5151147000563719,0.0,0.0,3
228,0.9249016281585515,0.7424159831321504,0.8068994167697771,0.3639977010339904,0.9679265888057471,0.00847209658303763,0.5294766332571901,0.0,0.0,3
229,0.9268928877552193,0.7714804813496785,0.8875695474619663,0.2721086340417968,0.9184361296616637,0.07390145636955751,0.5232551413417582,0.0,0.11890818346476195,3
230,0.9253228118881375,0.7523788663853357,0.8937147252812697,0.36960292861954247,0.9354185016792006,0.0945224809371101,0.5298491896787508,0.0,0.0,3
231,0.9392080055893516,0.7953610807153007,0.5707849592791543,0.2767011155074236,0.9533657632752162,0.04898984736521593,0.5740954911964736,0.0,0.0,3
232,0.9269486633058747,0.7375670734852808,0.8994101892142314,0.3736772818783582,0.9629111128808676,0.09794891551742457,0.5421766125721091,0.0,0.006812684850169032,3
233,0.9421770269443188,0.79843172362473,0.6960083206557246,0.10059424675950775,0.9564772649116757,0.020877341000912295,0.5776001252774478,0.0,0.18492505991214836,3
234,0.9260077428067194,0.7669735327963176,0.8737588330190242,0.385057427103269,0.9179725892567485,0.0901771336553945,0.5257664891991894,0.0,0.0,3
235,0.9366712232850601,0.7838498717288287,0.8808827043201723,0.4175165603679975,0.9541225958937726,0.06346003813296518,0.564430929762325,0.0,0.0,3
236,0.9352531340842286,0.7791047086629574,0.8836338262641155,0.05949609806268089,0.9641890478459447,0.021506809943626328,0.5459399165466627,0.0,0.3928155580879988,3
237,0.9305641770586216,0.010506026531677303,0.9167711275026896,0.005578666405084028,0.9679791682532508,0.010920805695748234,0.5511018011548372,0.0,0.0030659621061164565,3
238,0.931403158619994,0.7772580863625447,0.8883834133650593,0.15416579455503346,0.9379253161949022,0.05303713241264858,0.5344592446451163,0.0,0.27134047966759073,3
239,0.9351339963286436,0.7289794642234687,0.9178203816122786,0.3185598530797836,0.9570462639655847,0.06919309162674103,0.49412408548005027,0.0,0.11865068271067258,3
240,0.9335053288611961,0.7623900617016681,0.9142456369205043,0.3407442086036528,0.9580047710065304,0.08026964470324399,0.5163780176699747,0.0,0.0,3
241,0.9250819774639107,0.7011696932380442,0.549861138657098,0.3826167247169671,0.9663773000266996,0.05397692240147721,0.5278424583965963,0.0,0.0,3
242,0.9288774303585805,0.7210492114871155,0.5537822868386658,0.34196895681474854,0.9636821821443088,0.047181089909163615,0.5406240576021902,0.0,0.0,3
243,0.9261285156911035,0.7669735327963176,0.8731545153322219,0.38601807605331656,0.9186486219289888,0.0901771336553945,0.5262825392949901,0.0,0.0,3
244,0.9410247875114054,0.7846736628764877,0.566331932093794,0.21187566679742045,0.9550564501447512,0.025431009819686427,0.5815316000861611,0.0,0.0,3
245,0.6626462483749137,0.7989982267308043,0.912126831763011,0.15754959344306296,0.9532432466985978,0.059879937049731984,0.4766719066920846,0.0,0.0,3
246,0.8920241177029815,0.8046630342861417,0.5916776577286711,0.15350128843935495,0.9528753376122265,0.02340991599252687,0.5899925984201824,0.0,0.0,3
247,0.9248766864043839,0.7326207009460134,0.7479513760232257,0.3689723050585214,0.967618740791145,0.019014487171992285,0.5288791754956823,0.0,0.0,3
248,0.9322353625385482,0.7655545630556788,0.8404779948410483,0.43319677404350243,0.9576181551820303,0.08250844095080791,0.5531274531793051,0.0,0.0,3
249,0.8401468466226081,0.8098118357248646,0.9354308189849555,0.22101003022534782,0.9489384523476936,0.045730452817338486,0.4616775782313436,0.0,0.0,3
250,0.9320633624559556,0.7723586527846091,0.841962559426441,0.45415698266501753,0.42996116738270773,0.0910636865150753,0.4986757879808352,0.0,0.09715576338737586,3
251,0.9237189768105626,0.7643933973100983,0.8881332929207337,0.36508317650975075,0.9089230829234083,0.09094533105064741,0.5172259823091778,0.0,0.0,3
252,0.27757949950176386,0.0,0.5359110866954464,0.34207817065020696,0.9639067281897068,0.059253545346008116,0.5331352123156323,0.0,0.0,3
253,0.9480074053797889,0.8189327179029765,0.9597334295679313,0.29447778300190575,0.946908397090931,0.024771898246800244,0.49674075375236393,0.0,0.0,3
254,0.9330334777786953,0.7723929395793947,0.8861682172073746,0.32659223566174966,0.960864234032872,0.012373246051203816,0.5040685283892474,0.0,0.0,3
255,0.9371445369933794,0.7938355102569559,0.9285549984557446,0.3624317441485814,0.956333912485895,0.0,0.5631921548371854,0.0,0.0,3
256,0.9334733873835221,0.779910025556564,0.8887569804196229,0.10002965371599257,0.9468709151951717,0.04346034093333744,0.5396019639237531,0.0,0.3413073915340874,3
257,0.937428354883901,0.7870779862910038,0.9446225870028302,0.36857609501843236,0.9546084046851752,0.04309847185715011,0.567193971469635,0.0,0.0,3
258,0.9296894447916211,0.7626540161195383,0.8653879176999582,0.43070382859393913,0.3687086643133892,0.09425395732530616,0.48710566833453495,0.0,0.10889525739639001,3
259,0.9050368025812464,0.7509061797325743,0.8542713567839195,0.34981635434007735,0.9680539433831657,0.002687578698941831,0.5295024796047663,0.0,0.0,3
260,0.9236082997747975,0.7644525321655445,0.8819996977775353,0.36349120403918933,0.9130448194036194,0.07655261539275472,0.5168481497179418,0.0,0.0,3
261,0.9251488897384331,0.728473370270303,0.857767217070793,0.3997529255478752,0.966218228964559,0.026886036602427707,0.3824854411114646,0.0,0.03154414128952106,3
262,0.9340127629392867,0.7806009594291038,0.8888543092468618,0.08592507186183834,0.949201593580779,0.040965212222154934,0.5409418434181955,0.0,0.35953650835343254,3
263,0.469186329471066,0.0,0.8684868753562673,0.26541562420192766,0.9644899164062338,0.06476788591462007,0.5387090259649889,0.0,0.0,3
264,0.9304063149217732,0.030336824371757467,0.9145456287978373,0.014556092233835284,0.9680467356570135,0.009271173047937795,0.5507009415479647,0.0,0.0,3
265,0.927519823664858,0.70223499520919,0.8817183936768882,0.38829460501303215,0.6851238838371136,0.09064305492804217,0.5013902225313506,0.0,0.1904051546997213,3
266,0.9318571662316534,0.7669735327963176,0.8444897628025747,0.43158477883622764,0.9507150493642998,0.0901771336553945,0.5507604730243478,0.0,0.0,3
267,0.927374293964857,0.7734253567104055,0.709681068732299,0.4034560835703716,0.93243128473119,0.09198281319849991,0.5304450407128934,0.0,0.0,3
268,0.9257450297152695,0.6877084646886988,0.888368777789694,0.35742490065269483,0.9648923611288155,0.0719866741855359,0.5230537793901763,0.0,0.15652564660090268,3
269,0.9413168749963025,0.6974657974975229,0.03233696053561183,0.4558284377398762,0.9761251663811398,0.045491008767416255,0.4344201027939233,0.0,0.21411948200169834,5
270,0.9427741146463293,0.6886462868956501,0.5005313807513685,0.5381719632090975,0.9596152882622518,0.10818585455704366,0.6476775670795769,0.04953094175758762,0.0,5
271,0.9403077723580696,0.7164997798740856,0.08189084135543001,0.4669706231955143,0.9759409290329941,0.06370415761927527,0.710883029127799,0.010306009355991975,0.0,5
272,0.9252397563186352,0.7155853121458305,0.5322955423494019,0.6997290036980195,0.9487427517883332,0.6385365720659577,0.2756023182464903,0.02324738174052905,0.0,5
273,0.9435125906214772,0.1212111147773303,0.41688536273939114,0.5882388532712234,0.9588107749595001,0.11387303293743345,0.5447321212396694,0.0731392114333488,0.8177639122119377,5
274,0.9207575810413762,0.7749108620255367,0.4843671816387352,0.9678474996417485,0.9287141860219148,0.22350296569298744,0.27387099929367636,0.0,0.0,5
275,0.9313173926843041,0.7345492351905597,0.0,0.500991983597593,0.9789779835077064,0.026015979437467463,0.6638796781536808,0.0,0.0,5
276,0.9439086566353239,0.666737791601345,0.06567317870690896,0.4397462379432989,0.9742057949692687,0.02930521992222975,0.14808939918901895,0.0,0.43485555764099443,5
277,0.9377995527233509,0.7295113331700922,0.20094331495804413,0.4973665517593719,0.9719103878462962,0.07650659064083765,0.6737176326164784,0.0,0.0,5
278,0.9261162643575933,0.739696736017306,0.014555173628840042,0.5231255425067619,0.9792167773767124,0.0030254388845950323,0.6280108052256674,0.0,0.0,5
279,0.9179407609502799,0.7969336951864758,0.6301273097525648,0.9783704833730283,0.9284942226837032,0.3855797054886727,0.305386758917396,0.0,0.0,5
280,0.9146849996197982,0.7741226510186113,0.6024719471178303,0.9245377097192821,0.9327105046011206,0.6719184824210889,0.16306712556396075,0.0,0.0,5
281,0.9343569965656359,0.7103742631298989,0.18665388032246505,0.49237412465128855,0.9743660888380605,0.02990670063137725,0.6584302836715411,0.023490497900568678,0.0,5
282,0.944616590988616,0.6472126915957707,0.4451665461082988,0.4863662286742969,0.9704235376417978,0.10638892876438424,0.6916793377587593,0.0,0.0,5
283,0.9308249675510355,0.671039641984617,0.0226131259717038,0.7493503296172355,0.9451483688112694,0.06265106285703512,0.0,0.0,0.14973302188274934,5
284,0.9423863299741725,0.6774929569586705,0.20762361019720343,0.46408264830915497,0.9701819581200891,0.04564801309802613,0.2035081134805978,0.0,0.369742323008561,5
285,0.9381613378403393,0.6972625335600104,0.26945594770908304,0.4788514648315834,0.9719950556438999,0.04317369854598029,0.6718561166314203,0.033911185575251836,0.0,5
286,0.939317592931582,0.7446417960980284,0.0,0.2455361511550311,0.9421675226122441,0.06813605742313619,0.3709214958676804,0.0,0.0,5
287,0.9458150394072332,0.6387258455374392,0.4129658697581374,0.44870958669305017,0.9741026960520659,0.08977130018077656,0.7142495018719305,0.0,0.0,5
288,0.9423683824480271,0.6612939661069683,0.4625434393006152,0.5318869524469676,0.9665574215993561,0.12093603324541599,0.6625120216120672,0.0,0.0,5
289,0.9293429561629504,0.7458917580462414,0.0,0.39074165758611623,0.9603865229768322,0.019123920810858445,0.4694407362629502,0.0,0.0,5
290,0.9374939409160606,0.6995627288776869,0.25492995198278134,0.48122374978712806,0.9724110068288442,0.04084626444812679,0.6695008180458591,0.03208308068119412,0.0,5
291,0.9390217250044407,0.42976653273307186,0.4399045929043526,0.568030611041202,0.9611356994362628,0.10726567044988473,0.57605065598558,0.031485625473230576,0.4132488343361518,5
292,0.9258810144299666,0.6803032104306781,0.0,0.8547728220277576,0.9361306875115539,0.07770077515229973,0.0247440585079981,0.0,0.0,5
293,0.9334314151483235,0.7049233661035568,0.03258258750336534,0.48692884550278254,0.9771574961061726,0.008226336199795617,0.38131799252461906,0.0,0.2157459032308398,5
294,0.9359866904665078,0.757010376028237,0.0,0.14430814374321552,0.9243409565385312,0.054795553051433896,0.17337317363614985,0.0,0.0,5
295,0.9296391381626405,0.7361806575802706,0.0,0.5076202197066471,0.9792001650213297,0.018129457675934185,0.6530532407509296,0.0,0.0,5
296,0.9453316924918285,0.6499470524678617,0.3586415915081069,0.44996400700447714,0.974555533100511,0.08807513883855063,0.7168082751997732,0.0,0.0,5
297,0.9111807327572172,0.7469014361918817,0.5618599334941097,0.8629464937528067,0.9374958227094146,0.9855878461557097,0.0,0.0,0.0,5
298,0.9346062054293721,0.6953495564043352,0.1819137015095206,0.49019474291693715,0.9772404634463493,0.03954474376967703,0.6660859880805581,0.0,0.0,5
299,0.9402008612869595,0.2892313996763523,0.42833456391008456,0.5850247798187352,0.9598380794890539,0.11220917183444586,0.5541481776173449,0.046104265281861304,0.6051184818244303,5
300,0.9256739743895852,0.7219347214910689,0.0,0.6243201975453788,0.966478453864987,0.02297866473113217,0.4438063782036783,0.0,0.0,5
301,0.947178278671577,0.6661854873147072,0.46571103851649265,0.4468004434665922,0.9663753006122449,0.07461875737905155,0.7036776417438725,0.0586100013224673,0.0,5
302,0.9403580390622608,0.7088529188387241,0.08543228919393386,0.46631548103771636,0.9771695909658199,0.06759556856968775,0.7132733672864726,0.0,0.0,5
303,0.9454706490479236,0.4514442887697129,0.42239552645097106,0.49602325966380667,0.9690530547734161,0.10176464549198758,0.6574968484441467,0.021992994076293307,0.28865804725135,5
304,0.9369690369931785,0.731364545376744,0.3672926507494297,0.5188391038604437,0.9668799088587313,0.08918496278854512,0.6418867956538025,0.0,0.0,5
305,0.9431487196848377,0.6916586208001276,0.4693916581013643,0.47948914501877044,0.9652965547767243,0.0839332050367904,0.6726292258623183,0.03602250541324904,0.0,5
306,0.944791675593346,0.6712385923441184,0.47961550875141523,0.4764573478201458,0.9640738615248486,0.14380562920022177,0.6528161225347321,0.05506581259365067,0.0,5
307,0.9403208636403482,0.7089620322115809,0.46745419327511084,0.5015208879001667,0.9647171052335853,0.08931401180599882,0.6516725340541959,0.02074242567292587,0.0,5
308,0.9350165839897996,0.7387141320658206,0.47982649763761365,0.5712760377452,0.9607729358377217,0.11140797913248257,0.6010580500799725,0.0,0.0,5
309,0.9374036903416776,0.622611685573311,0.4557812207712441,0.5447108688243321,0.9629163197808355,0.10048209783472337,0.6061056799260892,0.011425632168396233,0.1499614222102007,5
310,0.9155210237553656,0.7799801391898973,0.609573373879074,0.9383610504039035,0.9316278351153953,0.5983915545645832,0.19961238683191762,0.0,0.0,5
311,0.9219427961898101,0.7926493218986475,0.6251263910696645,0.9471155354310291,0.9305578576578243,0.2519410240010632,0.39521754449393937,0.005671845634683434,0.0,5
312,0.9394787685334131,0.7500796605935037,0.0,0.17481431889346838,0.9309532491190017,0.07031020246411528,0.2640848948638672,0.0,0.0,5
313,0.9416561388801897,0.726207668453174,0.027457886085680804,0.14287134527941514,0.9264076289876577,0.05755330529881259,0.0,0.0,0.18181264559645094,5
314,0.9307248727583486,0.7570552004332339,0.5237603816874232,0.6879678100420873,0.951526092010728,0.15471881720661895,0.5361452961658947,0.0,0.0,5
315,0.925631887579525,0.7148699777765876,0.0,0.6641513362496143,0.961283814854877,0.03199935097950281,0.3714328907342548,0.0,0.0,5
316,0.9293585004023924,0.7364534640703215,0.0,0.5087285935033681,0.9792373182192188,0.016810673323063505,0.6512428436359782,0.0,0.0,5
317,0.932929195770486,0.7059227443779253,0.0,0.6456776108776272,0.9589612253351278,0.06869585610893376,0.39969961087239,0.0,0.0,5
318,0.9427806431421402,0.6801114511518477,0.051164354605841546,0.44674564641872294,0.9750411573387001,0.036349713154339304,0.2727082684318219,0.0,0.33878524523321346,5
319,0.9260838899304344,0.739719365500609,0.013148900384461815,0.5230996106109504,0.9792645192085006,0.0027331308802798354,0.6280257546405885,0.0,0.0,5
320,0.9276007906021775,0.6914410668694012,0.0,0.7373422930768271,0.9298813246702013,0.07790059481765646,0.0,0.0,0.0,5
321,0.9255175410886847,0.6956756351480359,0.0,0.7723693487455704,0.9471703968709646,0.056507832757967974,0.17479992401193573,0.0,0.0,5
322,0.9193721278527921,0.7212376126636685,0.537478822191037,0.7644177191904356,0.9461158822452215,0.7860555397445055,0.16937274660178292,0.0,0.0,5
323,0.9402537714835826,0.7012294240946632,0.5156059034237345,0.5876492989019909,0.9560996828192397,0.1255785298778103,0.6171328901730861,0.044224509845064125,0.0,5
324,0.9259571710734119,0.6805800332900502,0.0,0.8525135172975944,0.9363773748546702,0.07760347566811975,0.02879550879420095,0.0,0.0,5
325,0.9295488152035217,0.7362684600535602,0.0,0.5079769486124118,0.979212122737822,0.01770500836061204,0.6524705664006997,0.0,0.0,5
326,0.9222845812030301,0.7870854634051061,0.6177755108942097,0.9385348021785849,0.9320204537048403,0.25088890452608464,0.4019531945440414,0.0,0.0,5
327,0.9336842895117402,0.7531571941447086,0.0,0.22971022811838834,0.9368326280580028,0.04243346926297713,0.27597604842340223,0.0,0.0,5
328,0.9330058329392096,0.747307283025852,0.5004103856826139,0.6259484262371571,0.9564406077902253,0.13169995789407857,0.5706451492368516,0.0,0.0,5
329,0.9367240007991539,0.7319113189649378,0.41637252562713833,0.5251743871689826,0.9653957112927473,0.09292560242321646,0.632495393590496,0.0,0.0,5
330,0.9422539454241035,0.6971336686491987,0.4687786164081749,0.486460304844181,0.9651132086203295,0.08563576956741939,0.6659982276343183,0.031187668760141726,0.0,5
331,0.9256216512776317,0.7131516995474587,0.0,0.6738390165453073,0.9600203811791501,0.034193351132771756,0.3538303006176542,0.0,0.0,5
332,0.9358584285557969,0.8008553974498493,0.23636374272667715,0.3976832377227034,0.9643461073822637,0.0,0.5629141536755172,0.0,0.04869354456801529,6
333,0.9318607456893113,0.8119126033246663,0.26968122048797866,0.3988689337682559,0.9624441986316116,0.0,0.5883647605072989,0.0,0.052072847115837664,6
334,0.903391511973617,0.9946605948328506,0.535833437852491,0.11267404740311743,0.9985016654403475,0.0,0.41866166273299243,0.0,0.0,6
335,0.9233533619088603,0.7026443873352171,0.5432831468188632,0.39089852424531574,0.9642933503297761,0.0,0.5559216508519155,0.0,0.0917788529470772,6
336,0.9198192504840377,0.8744433416800259,0.5594656214951743,0.3704484974216707,0.9699724183302445,0.0,0.5312233160876196,0.0,0.08121424925720284,6
337,0.9357460944200272,0.8013862117539284,0.2532849824291244,0.40181277079346633,0.9643094058071215,0.0,0.5600115604486965,0.0,0.052179507051482894,6
338,0.9367602889333925,0.5060644403510406,0.11499143447683455,0.35781896442381167,0.9667813798919167,0.0,0.646993577492706,0.0,0.0,6
339,0.9341675380306252,0.8672635106811687,0.20826501232454186,0.4832449800485123,0.9627517180196441,0.0,0.6074949051248705,0.0,0.0,6
340,0.9360522149221562,0.8331467912510464,0.07701338864431806,0.5578462819115255,0.9633429017298077,0.0,0.6494466862475983,0.0,0.0,6
341,0.9356538751055381,0.8491461845282546,0.1418896075433206,0.5247427753451115,0.9622893489415915,0.0,0.6304310833403931,0.0,0.0,6
342,0.9125677767551208,0.9388019628608943,0.38674157031718825,0.16909499424241997,0.989588585199366,0.0,0.4678427015316082,0.0,0.0,6
343,0.9324583210053697,0.8142202973218247,0.5523274741088315,0.4723969492678513,0.9630297385979544,0.0,0.5194643952947672,0.0,0.11258375509391168,6
344,0.9338176471295939,0.8107559369622827,0.5416473038283379,0.47620675854248945,0.9636798110127555,0.0,0.5116192321157303,0.0,0.11158533379465611,6
345,0.9170586896814699,0.9125425019714691,0.31687682445051546,0.1999689310286897,0.985121152050499,0.0,0.4923417306858476,0.0,0.0,6
346,0.9359850918893978,0.8002568731560801,0.21728405145841645,0.39302694672643357,0.9643874905631112,0.0,0.5661869979599152,0.0,0.04476291719514722,6
347,0.9113972924299099,0.9444432626684497,0.5497645201398202,0.20782982589366006,0.9893361941555838,0.0,0.43960428530848517,0.0,0.033269186472326566,6
348,0.9374148571297837,0.7937323783761467,0.0,0.34362052584102165,0.9648550378404153,0.0,0.6044242497352528,0.0,0.0,6
349,0.9091259332610778,0.9589272594546139,0.44028603331786803,0.14543315527870979,0.9930124337510233,0.0,0.4490666028880217,0.0,0.0,6
350,0.9334320357623463,0.8193028765620207,0.16246081051332262,0.55838020508339,0.9632155298102308,0.0,0.643136131158296,0.0,0.03136961829551059,6
351,0.9087474117296006,0.9602806402961834,0.5497068818208367,0.17627665328537379,0.9923760904529307,0.0,0.43137814012971926,0.0,0.023785248162822847,6
352,0.9368806929527327,0.8059922664511603,0.0,0.49581827922940286,0.9646980612717727,0.0,0.6450040501548439,0.0,0.0,6
353,0.9240625608617565,0.8443729248987931,0.5618374285651591,0.4359043212848819,0.962780908872889,0.0,0.5600769174132081,0.0,0.10066480135389327,6
354,0.9295486282833955,0.8257671966573996,0.3664353108352652,0.5097125137183103,0.9614853768839584,0.0,0.6068718479732458,0.0,0.07075513038854625,6
355,0.937248485805717,0.7993123354054927,0.01666619424016355,0.35336347955740577,0.9645655684344437,0.0,0.604404401383701,0.0,0.0,6
356,0.9290249123300733,0.8390893601306997,0.550147943581716,0.4177288350521528,0.9691141002102633,0.0,0.49432650749679957,0.0,0.09635853976171115,6
357,0.9175732780397113,0.9164714800076872,0.3025611690716414,0.3218681942119588,0.9840865495299164,0.0,0.5281764269057814,0.0,0.0,6
358,0.9267173678377228,0.8349003085005708,0.5278143793778893,0.4661283468510998,0.9599714787691136,0.0,0.576024273031401,0.0,0.09830538115906788,6
359,0.9170184035357637,0.8942916741322751,0.5579000823282204,0.3272436106246339,0.9747192587741779,0.0,0.5121781569958322,0.0,0.06837568346000888,6
360,0.9195444116576156,0.0,0.29240798483283326,0.05298539957382284,0.9838968325202236,0.0,0.5430578290816,0.0,0.0,6
361,0.9131997410244731,0.9540595185452139,0.43143834338983855,0.23077391449585843,0.9871082622696846,0.0,0.4788422620853774,0.0,0.0,6
362,0.9352675982226025,0.8036472575553694,0.3253623505225935,0.4194028457778947,0.9641530725249479,0.0,0.5476477334410981,0.0,0.06702824186637826,6
363,0.9341996679464989,0.8249280560236513,0.45292519394070585,0.48056506955405853,0.9630459792493263,0.0,0.5380559900938418,0.0,0.08221597322110165,6
364,0.9233473740990368,0.45500114327929286,0.5006431009124284,0.2661897391163382,0.9746036647580735,0.0,0.49140547330754764,0.0,0.06362134422905914,6
365,0.9111801457841087,0.9356647598227236,0.5546367761405612,0.2371846856242431,0.9846138651305665,0.0,0.4724792552876708,0.0,0.04161418678779966,6
366,0.9366519544418469,0.7709959606108021,0.01236707387511543,0.3303821124322952,0.9655302393482764,0.0,0.5996499300770998,0.0,0.0,6
367,0.9368756576995149,0.7960486681657177,0.0831353580043408,0.3602887150271258,0.9646784543718866,0.0,0.5891982604828573,0.0,0.017126803009052963,6
368,0.9371588951108332,0.5875991210864763,0.0,0.4754989049663588,0.9673242296026786,0.0,0.67786361722075,0.0,0.0,6
369,0.9346859548536521,0.802537968712992,0.13281563322554293,0.36899243299772877,0.9636696158400134,0.0,0.5960251816508976,0.0,0.02564541999265818,6
370,0.9109163932520882,0.9524107777606976,0.4088368242435437,0.22517701852351907,0.9909335310731635,0.0,0.47765095770725136,0.0,0.0,6
371,0.9352592052103639,0.8603918164220605,0.21030436212291156,0.4962186608105501,0.9615021046309712,0.0,0.6103109293729303,0.0,0.004583464500373643,6
372,0.929494398637355,0.5638688865803803,0.12649411355445472,0.24162538249316765,0.9717267395234379,0.0,0.5644993884814711,0.0,0.0,6
373,0.9266930576874084,0.8296300573244894,0.5614209695877911,0.4641244665235637,0.960246099165037,0.0,0.5649844415299601,0.0,0.1091933757081477,6
374,0.9370310684805764,0.8025409171847916,0.0,0.4529722433369122,0.9647422526185213,0.0,0.633580204883941,0.0,0.0,6
375,0.9377885095317681,0.16353415195084767,0.11099624450113507,0.2233974635911245,0.9722398547421873,0.0,0.6559143214137703,0.0,0.022866453696107982,6
376,0.9045728986699861,0.9824873244744923,0.5509436417658761,0.13526359929654141,0.9958117450588883,0.0,0.4275513906912979,0.0,0.011327784717434078,6
377,0.9213065551430797,0.38538356988699396,0.49093381920400747,0.22546130585208723,0.9767445163826765,0.0,0.4879479264073701,0.0,0.053886943191599576,6
378,0.9189092881632916,0.46864009037851034,0.5079491924593447,0.26071612188621185,0.9723868453628332,0.0,0.5269098335516096,0.0,0.06121339715396388,6
379,0.9125830241916185,0.9434129435648098,0.38222943945634275,0.24938481392979334,0.9892193071311199,0.0,0.4903006148497517,0.0,0.0,6
380,0.9351061982793455,0.8552705230744945,0.2453410428925338,0.4939581381850085,0.9617250543329665,0.0,0.5998766512337347,0.0,0.01579431315262681,6
381,0.9379715764759734,0.4795693705547238,0.0,0.26879512827000707,0.9686357179010741,0.0,0.6388878814111899,0.0,0.0,6
382,0.9294749103945373,0.8221945456721301,0.5570331795389657,0.4681161018136951,0.9615892598265816,0.0,0.5430201257885611,0.0,0.11082930030557216,6
383,0.934333147236453,0.8114029731578877,0.43851656226905894,0.4992332361817002,0.9638537897590697,0.0,0.5421598178724749,0.0,0.09033926067651188,6
384,0.9264737455667467,0.8297877958730638,0.5306512557914265,0.45583629581140905,0.9601076202517965,0.0,0.5737581642381364,0.0,0.1024636482460816,6
385,0.9368870956546486,0.8058453146108098,0.0,0.49399397709705206,0.9646999428546643,0.0,0.6445176447067495,0.0,0.0,6
386,0.9300145312173931,0.0,0.1334357327916869,0.11116558928635273,0.9787373043581425,0.0,0.624587356821132,0.0,0.0,6
387,0.9271985261654606,0.8273828223325791,0.4955396882899943,0.4481717630790173,0.9604219894068985,0.0,0.5757233725819776,0.0,0.09568394262478865,6
388,0.933063410660103,0.8079219095368446,0.2114188271809807,0.3861507883721339,0.96296584721245,0.0,0.5916257297435599,0.0,0.04082293993361566,6
389,0.9381294159094129,0.24069140705429537,0.0,0.2892341540947721,0.9715055174708939,0.0,0.6868118929472006,0.0,0.0,6
390,0.9266500751238808,0.8297449438356043,0.5614887655800217,0.46406279154091734,0.9602253459136824,0.0,0.5653238134148465,0.0,0.10916809894466022,6
391,0.9352694074703918,0.8125781315173203,0.2512087209441139,0.5410543241978139,0.9641697729752844,0.0,0.5976281593621664,0.0,0.051751774227535685,6
392,0.9082818286664704,0.2184404372168336,0.4617334791863461,0.021219928186778113,0.9910868422756461,0.0,0.4561251382962431,0.0,0.0,6
393,0.9304572190769704,0.8195689689707731,0.5554837933149542,0.46952560059576715,0.9620635474753694,0.0,0.5352642377786799,0.0,0.11140696674051231,6
394,0.9339552197059875,0.8167461315864799,0.5089007952451265,0.47695359408185434,0.9634021700572366,0.0,0.5213858894967143,0.0,0.10012674503675878,6
395,0.9361347873513657,0.8298302541797717,0.06356510461912403,0.5647083550423297,0.9635612941912045,0.0,0.6533884577186593,0.0,0.0,6
396,0.9312659844878866,0.8792744655773653,0.23914805498311614,0.44830767526258775,0.9661222112210445,0.0,0.5896917695792326,0.0,0.0,6
397,0.9156388979585085,0.296436521207886,0.48194696458253444,0.1649149993384855,0.9783428416837683,0.0,0.5055600611234433,0.0,0.03872030344007003,6
398,0.8755889062276916,0.886989089776832,0.25741732071772094,0.4349063320684306,0.9496036160087804,0.05897006242546435,0.5334409604462246,0.491414048215276,0.0,7
399,0.908642295342789,0.7959024588474334,0.7733572274259349,0.3850623189524994,0.9613950736128607,0.2637619589621934,0.2944615432237708,0.3316744446141946,0.0,7
400,0.9261895201572159,0.8298447025510755,0.0,0.7449701518457388,0.9673548795945558,0.0,0.5342795350265721,0.2724034171569867,0.0,7
401,0.9496545450143362,0.7779524179873858,0.8261490786723668,0.012268936888203723,0.9589304121976573,0.09501245231507031,0.54493110101017,0.018340544594783143,0.0,7
402,0.919415816511301,0.8706481058927363,0.0,0.6433753119881211,0.9744312966505208,0.0,0.5172051544923317,0.20115148695772966,0.0,7
403,0.9202032554568048,0.8687136941127732,0.0,0.6443358856091429,0.9739854661673519,0.0,0.5210468556634964,0.20328609500444458,0.0,7
404,0.8951666665659301,0.8761136972554152,0.15517191448045553,0.47437953176643033,0.9575064278221544,0.06354251197854091,0.5342650609673402,0.4702359729186683,0.0,7
405,0.47446224568435247,0.8776256984666134,0.5846821282571112,0.6048119532249219,0.9578745124074493,0.02110223506976598,0.5411626660444923,0.28205325000089604,0.0,7
406,0.9238094815795129,0.8359461969416556,0.0,0.7392118551195612,0.967261013995323,0.0,0.5262335481551923,0.2770877867489988,0.0,7
407,0.9243326518925125,0.8208137723963727,0.0,0.8009887316834117,0.9646096070420686,0.0,0.552731261862453,0.24625735071158555,0.05941318090570034,7
408,0.6821441471608646,0.8197144361908688,0.6741165474486871,0.6016798925067354,0.0,0.0,0.5001150025239504,0.5278113719933265,0.016423955913726345,7
409,0.919170117840228,0.8713240950420345,0.0,0.6395549024430092,0.9745144941629518,0.002143731797592738,0.5157527531091843,0.20724175529415262,0.0,7
410,0.9055141155994157,0.8643623995899021,0.10339370182139707,0.5209451823118747,0.9615084997561038,0.011225253584227775,0.5160102636374818,0.5407155506986773,0.0,7
411,0.9186638338543945,0.7675998256738484,0.0,0.7952413953063031,0.9740851999192348,0.006830924692018026,0.5584814720045135,0.0,0.17172540718150503,7
412,0.9237793369136517,0.8566743304515556,0.0,0.6626946129425729,0.9713920210541366,0.0,0.5427935614999099,0.20835795414463312,0.01142953021274802,7
413,0.9291206692694606,0.7386664259822668,0.0,0.5490408561136813,0.9677705873990482,0.09129807244385987,0.0,0.6694314372487936,0.0,7
414,0.9246067409614591,0.8257785428110079,0.0,0.7859821734562182,0.9658036045140638,0.0,0.5783571849702054,0.18432552310729497,0.10018374039633067,7
415,0.08186764802890104,0.0732176167725318,0.0,0.0,0.9951076352178556,0.40254472333275165,0.5478137837927702,0.04410578673698845,0.0,7
416,0.9197857639197237,0.8360705871152327,0.0,0.7370420075451859,0.8752385118010999,0.0051788543483468254,0.5518821915880069,0.03919657248382902,0.0,7
417,0.9192029025518275,0.8711711474233541,0.0,0.6431155845080602,0.9745518438167075,0.0,0.5161664049967201,0.20057431477981627,0.0,7
418,0.935140876908533,0.8410247963925764,0.0,0.5985217074501573,0.973956059229029,0.0,0.16758832356798173,0.08251144162446802,0.0,7
419,0.9226491375660719,0.8616280333509628,0.0,0.6528517017348723,0.9735378729116606,0.0,0.5297772172149835,0.20370168847323308,0.0,7
420,0.9238632654109997,0.8262251274877364,0.0,0.7755648830336923,0.965352484178809,0.0,0.5215198438997111,0.3029123420978351,0.0,7
421,0.9244261108443679,0.8582133200132559,0.0,0.635359750706006,0.9713837223519763,0.0,0.5360823194346725,0.2627179338349921,0.0,7
422,0.9344806823228408,0.8362951168055155,0.0,0.6179146659078387,0.9750301816471035,0.0,0.18487711000365745,0.08005566412185756,0.0,7
423,0.9271470679351926,0.8367477948547221,0.0,0.711915610066053,0.9692583726098588,0.0,0.5422970575264299,0.24519803297617532,0.0,7
424,0.9217251613063552,0.8418005822736456,0.0,0.733239215254103,0.972313295217447,0.0,0.5481619612014982,0.17487426084544913,0.04969703582826608,7
425,0.9532605026642871,0.7848165937551302,0.7988307496303443,0.08294397241371744,0.9558578523147263,0.10024925539387472,0.46853854808356055,0.0,0.0,7
426,0.9201131348416961,0.862814363923369,0.0,0.6705495655515773,0.972966821873626,0.0,0.5286943391823975,0.19434848516440106,0.021496040974885,7
427,0.9242664347923357,0.8191757952727207,0.0,0.7875577743840295,0.9739634118039735,0.0059610264497276496,0.5579549377435961,0.015620134866237695,0.16331459229180514,7
428,0.9227911383988743,0.8063172899728047,0.0,0.7967307322931592,0.9741291882450873,0.0065256880090143006,0.5583936622546006,0.0,0.17544211267455034,7
429,0.9204821729960069,0.8481402467930033,0.0,0.7122519068071628,0.9749615826719015,0.0,0.5331328316581558,0.1763317128209311,0.024751066945826836,7
430,0.8550327310117578,0.16807367770726897,0.0,0.746410476650966,0.9729232366401174,0.01032250329746633,0.5587494822863434,0.04163566660715993,0.07855728612410073,7
431,0.9190169101232635,0.8716280538881059,0.0,0.6428886978121348,0.9746571486086102,0.0,0.5152589983530409,0.20007012212220437,0.0,7
432,0.9200657531679184,0.8554921666947364,0.0,0.6835197755052071,0.9765613817789555,0.0,0.5218685820194227,0.18422198186348193,0.0,7
433,0.9250424699872847,0.8572474124360568,0.0,0.5443363196395102,0.9695000663042036,0.04982061546504322,0.5284542534960204,0.46880542112072576,0.0,7
434,0.8974485294022156,0.6031716384596892,0.0,0.7615485304683373,0.8841197445873791,0.0081867493201868,0.5606726418579623,0.0,0.02656792470186399,7
435,0.9237343589776676,0.8495241070664912,0.0,0.6884357395775923,0.9699267542661888,0.0,0.5328174176604322,0.2410173221563432,0.0,7
436,0.9435075817622468,0.8283672224319358,0.04092920447613035,0.5779890817341038,0.970508140837028,0.009061825332996563,0.0,0.023943033838929,0.0,7
437,0.9270624348745068,0.8389934585489293,0.0,0.7095389404050597,0.9697103797470622,0.0,0.563880967527618,0.19586797224593244,0.038955896721162196,7
438,0.09696354390682221,0.8337357605006871,0.7774641318791619,0.6021307153704917,0.10821718422430562,0.005784123744410662,0.37781042296855255,0.5192995088813512,0.0785533004711128,7
439,0.9196676116833065,0.8637361599617003,0.0,0.667498526199536,0.9730561205281699,0.0,0.515167694255,0.21868746884872842,0.0,7
440,0.9240477267723687,0.847612940941311,0.0,0.6991571086831565,0.9697717034487786,0.0,0.5552044092740955,0.19715198618653412,0.04093769110248868,7
441,0.9196524086185732,0.8420478411470967,0.0,0.7212376599458326,0.8919235509849597,0.0043098355887107405,0.5457155936756664,0.0661796049705298,0.0,7
442,0.9492149133767775,0.8437944912285217,0.5176310626559668,0.587300261565708,0.9340666142527633,0.11460477516628371,0.0,0.032081833953897645,0.0,7
443,0.918612989497871,0.7832137180420647,0.8149591771457769,0.24582372651047663,0.9637485426556461,0.22532375310947372,0.4007004258081069,0.2602955673518609,0.0,7
